{"cameraMode":{"drawMode":0,"name":"Shaded","section":"Shading Mode"},"sceneLighting":false,"audioPlay":false,"sceneViewState":{"showFog":true,"showMaterialUpdate":false,"showSkybox":false,"showFlares":true,"showImageEffects":true,"showParticleSystems":true},"in2DMode":false,"pivot":{"x":-0.08397819101810456,"y":0.03687725216150284,"z":0.5559325814247131},"rotation":{"x":0.04938063398003578,"y":0.06018698215484619,"z":0.00298183411359787,"w":-0.9969655275344849},"size":0.6966527104377747,"orthographic":false}