{"cameraMode":{"drawMode":0,"name":"Shaded","section":"Shading Mode"},"sceneLighting":false,"audioPlay":false,"sceneViewState":{"showFog":true,"showMaterialUpdate":false,"showSkybox":false,"showFlares":true,"showImageEffects":true,"showParticleSystems":true},"in2DMode":false,"pivot":{"x":1.6979351043701172,"y":6.2529826164245609,"z":-0.006290316581726074},"rotation":{"x":-0.12507236003875733,"y":0.639457106590271,"z":-0.1064847931265831,"w":-0.7510793805122376},"size":3.3966524600982668,"orthographic":false}