{"cameraMode":{"drawMode":0,"name":"Shaded","section":"Shading Mode"},"sceneLighting":false,"audioPlay":false,"sceneViewState":{"showFog":true,"showMaterialUpdate":false,"showSkybox":false,"showFlares":true,"showImageEffects":true,"showParticleSystems":true},"in2DMode":false,"pivot":{"x":0.3016899526119232,"y":0.09904535114765167,"z":0.33843570947647097},"rotation":{"x":-0.07791547477245331,"y":0.019735736772418023,"z":-0.0015423320000991226,"w":-0.9967678189277649},"size":0.9966527819633484,"orthographic":false}