{"cameraMode":{"drawMode":0,"name":"Shaded","section":"Shading Mode"},"sceneLighting":false,"audioPlay":false,"sceneViewState":{"showFog":true,"showMaterialUpdate":false,"showSkybox":false,"showFlares":true,"showImageEffects":true,"showParticleSystems":true},"in2DMode":false,"pivot":{"x":0.3578948378562927,"y":-2.2433032989501955,"z":4.446916580200195},"rotation":{"x":-0.1950659304857254,"y":-0.04235808551311493,"z":0.008433103561401368,"w":-0.9798434972763062},"size":3.3966524600982668,"orthographic":false}